receptor_id,disease_id,pdb_id,source,class,ligands
1,1,1DX6,TORPEDO CALIFORNICA,ENZYME 3.1.1.7,GNT; PG4; NAG NAG; NAG
2,1,1.00E+66,TORPEDO CALIFORNICA,ENZYME 3.1.1.7,NAG; HUX
3,1,1EVE,TORPEDO CALIFORNICA,ENZYME 3.1.1.7,NAG; E20
4,1,1FKN,HOMO SAPIENS,ENZYME 3.4.23.46,GLU VAL ASN 1OL ALA GLU PHE
5,1,1GPK,TORPEDO CALIFORNICA,ENZYME 3.1.1.7,NAG NAG; NAG; HUP
6,1,1H22,TORPEDO CALIFORNICA,ENZYME 3.1.1.7,NAG; E10
7,1,1H23,TORPEDO CALIFORNICA,ENZYME 3.1.1.7,NAG; E12
8,1,1M4H,HOMO SAPIENS,ENZYME 3.4.23.46,GLU LEU ASP 1OL VAL GLU PHE
9,1,1QTI,TORPEDO CALIFORNICA,ENZYME 3.1.1.7,GNT
10,1,1UT6,TORPEDO CALIFORNICA,ENZYME 3.1.1.7,NAG; A8N
11,1,1W4L,TORPEDO CALIFORNICA,ENZYME 3.1.1.7,NAG NAG; NAG; GL8
12,1,1W6R,TORPEDO CALIFORNICA,ENZYME 3.1.1.7,NAG; MG; GNT
13,1,1W76,TORPEDO CALIFORNICA,ENZYME 3.1.1.7,NAG; GNT
14,1,1YM2,HOMO SAPIENS,ENZYME 3.4.23.46,ACE LEU MET 24O VAL LYT
15,1,1YM4,HOMO SAPIENS,ENZYME 3.4.23.46,GLU VAL ASN 24M ALA
16,1,2CEK,TORPEDO CALIFORNICA,ENZYME 3.1.1.7,PGE; NAG NAG; NAG; N8T; MES
17,1,2CKM,TORPEDO CALIFORNICA,ENZYME 3.1.1.7,AA7; NAG
18,1,2CMF,TORPEDO CALIFORNICA,ENZYME 3.1.1.7,NAG; F11
19,1,2F3E,HOMO SAPIENS,ENZYME 3.4.23.46,AXQ
20,1,2F3F,HOMO SAPIENS,ENZYME 3.4.23.46,AXF
21,1,2G94,HOMO SAPIENS,ENZYME 3.4.23.46,ZPQ
22,1,2OF0,HOMO SAPIENS,ENZYME 3.4.23.46,IOD; DMS; CMZ
23,1,2OHK,HOMO SAPIENS,ENZYME 3.4.23.46,IOD; DMS; 1SQ
24,1,2OHN,HOMO SAPIENS,ENZYME 3.4.23.46,IOD; DMS; 4FP
25,1,2OHP,HOMO SAPIENS,ENZYME 3.4.23.46,IOD; DMS; 6IP
26,1,2OHQ,HOMO SAPIENS,ENZYME 3.4.23.46,IOD; GOL; DMS; 7IP
27,1,2OHR,HOMO SAPIENS,ENZYME 3.4.23.46,DMS; 8IP; IOD; GOL
28,1,2OHS,HOMO SAPIENS,ENZYME 3.4.23.46,IOD; DMS; 9IP
29,1,2OHT,HOMO SAPIENS,ENZYME 3.4.23.46,IOD; DMS; IP6
30,1,2OHU,HOMO SAPIENS,ENZYME 3.4.23.46,IP7; IOD; DMS
31,1,2P4J,HOMO SAPIENS,ENZYME 3.4.23.46,23I
32,1,2R0W,MUS MUSCULUS,NON-ENZYME IMMUNE,NA; ASP ALA GLU PHE ARG HIS ASP SER
33,1,2R0Z,MUS MUSCULUS,NON-ENZYME IMMUNE,GOL; ALA LYS PHE ARG HIS ASP
34,1,2V00,CRYPHONECTRIA PARASITICA,ENZYME 3.4.23.23,ACT; V15; GOL
35,1,2V17,HOMO SAPIENS,NON-ENZYME OTHER,THR ASP HIS GLY ALA GLU
36,1,2VA6,HOMO SAPIENS,ENZYME 3.4.23.46,IOD; H24
37,1,2VA7,HOMO SAPIENS,ENZYME 3.4.23.46,IOD; C27
38,1,2VKM,HOMO SAPIENS,ENZYME 3.4.23.46,BSD
39,1,2W08,HOMO SAPIENS,NON-ENZYME OTHER,TPO; NAG; CA
40,1,2WG1,TORPEDO CALIFORNICA,ENZYME 3.1.1.7,PGE; PG4; PEG; NAG FUC; NAG; MES; GB; FP1
41,1,2X6M,CAMELUS DROMEDARIUS,NON-ENZYME OTHER,GLY TYR GLN ASP TYR GLU PRO GLU ALA
42,1,2XI4,TORPEDO CALIFORNICA,ENZYME 3.1.1.7,PGE; PEG; NAG; K; CL; AFT
43,1,3BRA,HOMO SAPIENS,ENZYME 3.4.23.46,AEF
44,1,3BUF,HOMO SAPIENS,ENZYME 3.4.23.46,AEG
45,1,3BUG,HOMO SAPIENS,ENZYME 3.4.23.46,AEH
46,1,3BUH,HOMO SAPIENS,ENZYME 3.4.23.46,AED
47,1,3DUY,HOMO SAPIENS,ENZYME 3.4.23.46,AFJ
48,1,3DV1,HOMO SAPIENS,ENZYME 3.4.23.46,AR9
49,1,3EYS,MUS MUSCULUS,NON-ENZYME IMMUNE,PCA PHE ARG HIS ASP SER; GOL
50,1,3HVG,HOMO SAPIENS,ENZYME 3.4.23.46,GOL; EV0
51,1,3HW1,HOMO SAPIENS,ENZYME 3.4.23.46,GOL; EV2
52,1,3I6M,TORPEDO CALIFORNICA,ENZYME 3.1.1.7,NAG NAG; NAG; G3X
53,1,3I6Z,TORPEDO CALIFORNICA,ENZYME 3.1.1.7,NAG NAG; NAG; G6X
54,1,3IVH,HOMO SAPIENS,ENZYME 3.4.23.46,1LI
55,1,3IVI,HOMO SAPIENS,ENZYME 3.4.23.46,SO4; GOL; 2LI
56,1,3K5C,HOMO SAPIENS,ENZYME 3.4.23.46,0BI
57,1,3K5F,HOMO SAPIENS,ENZYME 3.4.23.46,AYH
58,1,3K5G,HOMO SAPIENS,ENZYME 3.4.23.46,BJC
59,1,3KMX,HOMO SAPIENS,ENZYME 3.4.23.46,G00
60,1,3KMY,HOMO SAPIENS,ENZYME 3.4.23.46,D8Y
61,1,3KN0,HOMO SAPIENS,ENZYME 3.4.23.46,TLA; 3TO
62,1,3L58,HOMO SAPIENS,ENZYME 3.4.23.46,CS5
63,1,3L59,HOMO SAPIENS,ENZYME 3.4.23.46,TAR; BDJ
64,1,3L5B,HOMO SAPIENS,ENZYME 3.4.23.46,TAR; BDO
65,1,3L5C,HOMO SAPIENS,ENZYME 3.4.23.46,TAR; BDQ
66,1,3L5D,HOMO SAPIENS,ENZYME 3.4.23.46,TAR; BDV
67,1,3L5E,HOMO SAPIENS,ENZYME 3.4.23.46,TAR; BDW
68,1,3L5F,HOMO SAPIENS,ENZYME 3.4.23.46,TAR; BDX
69,1,3LNK,HOMO SAPIENS,ENZYME 3.4.23.46,TLA; 74A
70,1,3LPI,HOMO SAPIENS,ENZYME 3.4.23.46,Z74; TLA
71,1,3LPJ,HOMO SAPIENS,ENZYME 3.4.23.46,Z75; TLA
72,1,3LPK,HOMO SAPIENS,ENZYME 3.4.23.46,Z76; TLA
73,1,3MSJ,HOMO SAPIENS,ENZYME 3.4.23.46,GOL; EV3
74,1,3MSK,HOMO SAPIENS,ENZYME 3.4.23.46,IOD; GOL; EV4
75,1,3MSL,HOMO SAPIENS,ENZYME 3.4.23.46,IOD; EV5
76,1,3MYZ,HOMO SAPIENS,NON-ENZYME TRANSPORT,TLA; TFX; ACT
77,1,3OHF,HOMO SAPIENS,ENZYME 3.4.23.46,IOD; GOL; 3HF
78,1,3OHH,HOMO SAPIENS,ENZYME 3.4.23.46,SO4; GOL; 3HH
79,1,3Q7G,HOMO SAPIENS,NON-ENZYME OTHER,GU4 YYJ
80,1,3QMK,HOMO SAPIENS,NON-ENZYME OTHER,SO4; SGN IDS SGN IDS
81,1,3SI2,MUS MUSCULUS,ENZYME 2.3.2.5,PBD; ZN; NAG NAG NAG; SO4; ACT
82,1,3ZV7,TORPEDO CALIFORNICA,ENZYME 3.1.1.7,PEG; NHG; NAG NAG; NAG; MES; EDO; CL; 1PE
83,1,4ACU,HOMO SAPIENS,ENZYME 3.4.23.46,QN7; ACT
84,1,4ACX,HOMO SAPIENS,ENZYME 3.4.23.46,S8Z; ACT
85,1,4AU8,HOMO SAPIENS,ENZYME 2.7.11.22,IMD; Z3R; SO4
86,1,4AZY,HOMO SAPIENS,ENZYME 3.4.23.46,NA; ACT; 7F3
87,1,4B00,HOMO SAPIENS,ENZYME 3.4.23.46,ACT; I6X
88,1,4B05,HOMO SAPIENS,ENZYME 3.4.23.46,NA; ACT; 32D
89,1,4BCD,SUS SCROFA,ENZYME 3.4.21.26,TDV; GOL; TAM
90,1,4CTH,HOMO SAPIENS,ENZYME 3.4.24.11,RDF; ZN; NAG; GOL
91,1,4DI2,HOMO SAPIENS,ENZYME 3.4.23.46,GOL; 0K9
92,1,4DJU,HOMO SAPIENS,ENZYME 3.4.23.46,TLA; 0KK
93,1,4DJV,HOMO SAPIENS,ENZYME 3.4.23.46,0KM; TLA
94,1,4DJW,HOMO SAPIENS,ENZYME 3.4.23.46,TLA; 0KP
95,1,4DJX,HOMO SAPIENS,ENZYME 3.4.23.46,TLA; 0KQ
96,1,4DJY,HOMO SAPIENS,ENZYME 3.4.23.46,TLA; 0KR
97,1,4F9U,DROSOPHILA MELANOGASTER,ENZYME 2.3.2.5,ZN; PBD; NAG NAG BMA MAN MAN MAN MAN; NAG NAG; GOL
98,1,4F9V,DROSOPHILA MELANOGASTER,ENZYME 2.3.2.5,ZN; PEG; PBD; NAG NAG BMA MAN MAN MAN MAN; NAG NAG BMA
99,1,4FAI,DROSOPHILA MELANOGASTER,ENZYME 2.3.2.5,ZN; PBD; CL
100,1,4FBE,DROSOPHILA MELANOGASTER,ENZYME 2.3.2.5,ZN; PBD; CL
101,1,4FRI,HOMO SAPIENS,ENZYME 3.4.23.46,DWA; DMS; IOD
102,1,4FRJ,HOMO SAPIENS,ENZYME 3.4.23.46,IOD; GOL; DWB; DMS
103,1,4FRK,HOMO SAPIENS,ENZYME 3.4.23.46,IOD; GOL; DWD
104,1,4GID,HOMO SAPIENS,ENZYME 3.4.23.46,LPD; 0GH
105,1,4H1E,HOMO SAPIENS,ENZYME 3.4.23.46,10J
106,1,4H3F,HOMO SAPIENS,ENZYME 3.4.23.46,TLA; 10O
107,1,4H3G,HOMO SAPIENS,ENZYME 3.4.23.46,TLA; 10Q
108,1,4H3I,HOMO SAPIENS,ENZYME 3.4.23.46,TLA; 10V
109,1,4H3J,HOMO SAPIENS,ENZYME 3.4.23.46,TLA; 10W
110,1,4HA5,HOMO SAPIENS,ENZYME 3.4.23.46,TLA; 13W
111,1,4KE0,HOMO SAPIENS,ENZYME 3.4.23.46,SO4; GOL; 1R8
112,1,4KE1,HOMO SAPIENS,ENZYME 3.4.23.46,1R6; GOL; IOD
113,1,4MDR,HOMO SAPIENS,NON-ENZYME OTHER,GLU ASN PRO THR TYR LYS PHE PHE GLU GLN
114,1,4OJF,MUS MUSCULUS,NON-ENZYME OTHER,ASP ALA GLU PHE ARG HIS ASP SER
115,1,4RCD,HOMO SAPIENS,ENZYME 3.4.23.46,3LL; IOD; GOL
116,1,4RCE,HOMO SAPIENS,ENZYME 3.4.23.46,3LN; IOD
117,1,4RCF,HOMO SAPIENS,ENZYME 3.4.23.46,3LO; GOL; IOD
118,1,4WTU,HOMO SAPIENS,ENZYME 3.4.23.46,IOD; 3UT; GOL
119,1,4YWY,HOMO SAPIENS,ENZYME 2.3.2.5,PBD; CL; SO4; ZN; EDO
120,1,4ZPE,HOMO SAPIENS,ENZYME 3.4.23.46,4QA
121,1,4ZPF,HOMO SAPIENS,ENZYME 3.4.23.46,4QD
122,1,4ZPG,HOMO SAPIENS,ENZYME 3.4.23.46,4QF
123,1,5DQC,HOMO SAPIENS,ENZYME 3.4.23.46,5.00E+07
124,1,5DYW,HOMO SAPIENS,ENZYME 3.1.1.8,PG4; 5HF; NAG; NAG NAG; NAG NAG FUC; NAG FUL NAG; CL; GOL; EDO; NAG NAG FUL
125,1,5HDU,HOMO SAPIENS,ENZYME 3.4.23.46,60W; TLA
126,1,5HDV,HOMO SAPIENS,ENZYME 3.4.23.46,60V; TLA
127,1,5HDX,HOMO SAPIENS,ENZYME 3.4.23.46,60U
128,1,5HDZ,HOMO SAPIENS,ENZYME 3.4.23.46,954
129,1,5HE4,HOMO SAPIENS,ENZYME 3.4.23.46,60T; TLA
130,1,5HE5,HOMO SAPIENS,ENZYME 3.4.23.46,60S; TLA
131,1,5HE7,HOMO SAPIENS,ENZYME 3.4.23.46,60X
132,1,5HJS,HOMO SAPIENS,ENZYME 2.3.1.48,SO4; 668
133,1,5HTZ,HOMO SAPIENS,ENZYME 3.4.23.46,66J
134,1,5HU0,HOMO SAPIENS,ENZYME 3.4.23.46,66H; TLA
135,1,5HU1,HOMO SAPIENS,ENZYME 3.4.23.46,66F
136,1,5I3V,HOMO SAPIENS,ENZYME 3.4.23.46,GOL; IOD; 68M
137,1,5I3W,HOMO SAPIENS,ENZYME 3.4.23.46,GOL; IOD; SO4; 68L
138,1,5I3X,HOMO SAPIENS,ENZYME 3.4.23.46,GOL; 68J
139,1,5I3Y,HOMO SAPIENS,ENZYME 3.4.23.46,68K
140,1,5IE1,HOMO SAPIENS,ENZYME 3.4.23.46,6BS; IOD; GOL
141,1,5LU8,SYNTHETIC CONSTRUCT,ENZYME 3.4.22.34,EMC; ACE TYR VAL ALA ASP 0QE; 5KN; NAG; SO4
142,1,5LU9,SYNTHETIC CONSTRUCT,ENZYME 3.4.22.34,ACE TYR VAL ALA ASP 0QE; NAG; 3Y7; SO4
143,1,5LUA,HOMO SAPIENS,ENZYME 3.4.22.34,5KN; NAG; NAG NAG
144,1,5LUB,HOMO SAPIENS,ENZYME 3.4.22.34,NAG; NAG NAG; 3Y7
145,1,5MY4,MUS MUSCULUS,NON-ENZYME OTHER,PCA PHE ARG HIS ASP SER GLY TYR GLU VAL
146,1,5MYO,MUS MUSCULUS,NON-ENZYME OTHER,PCA PHE ARG HIS ASP SER GLY TYR GLU VAL; GOL; SO4
147,1,5NAP,TETRONARCE CALIFORNICA,ENZYME 3.1.1.7,DZ7; NAG FUC; NAG NAG BMA MAN
148,1,5NAU,TETRONARCE CALIFORNICA,ENZYME 3.1.1.7,NAG FUC; NAG NAG BMA MAN; DZ0
149,1,5NN0,HOMO SAPIENS,ENZYME 3.1.1.8,GOL; NAG FUC NAG; NAG NAG FUC; MES; NAG FUC; 1PG; CL; NAG; PEG; SO4; 92H
150,1,5OVR,HOMO SAPIENS,ENZYME 3.1.3.48,AXK
151,1,5OVX,HOMO SAPIENS,ENZYME 3.1.3.48,AY5
152,1,5OW1,HOMO SAPIENS,ENZYME 3.1.3.48,AY8
153,1,5T1U,HOMO SAPIENS,ENZYME 3.4.23.46,P6U; EDO; IOD
154,1,6EJ2,HOMO SAPIENS,ENZYME 3.4.23.46,B7E
155,1,6EJ3,HOMO SAPIENS,ENZYME 3.4.23.46,B7T
156,1,6EQM,HOMO SAPIENS,ENZYME 3.4.23.46,BUH
157,1,6EZG,TETRONARCE CALIFORNICA,ENZYME 3.1.1.7,PEG; NAG; C6K
158,1,6FAU,HOMO SAPIENS,ENZYME 2.7.11.1,ACE ARG THR PRO SEP LEU PRO GLY D3W; CL; NA; THR PRO SEP LEU PRO GLY D3W
159,1,6FAV,HOMO SAPIENS,ENZYME 2.7.11.1,THR PRO SEP LEU PRO GLY D3Q; CL; NA; ACE ARG THR PRO SEP LEU PRO GLY D3Q
160,1,6FAW,HOMO SAPIENS,ENZYME 2.7.11.1,MG; NA; ACE ARG THR PRO SEP LEU PRO GLY D3K; CL; THR PRO SEP LEU PRO GLY D3K
161,1,6FBW,HOMO SAPIENS,ENZYME 2.7.11.1,CL; ARG THR PRO SEP LEU PRO GLY D4K; NA
162,1,6FBY,HOMO SAPIENS,ENZYME 2.7.11.1,THR PRO SEP LEU PRO GLY D4H; NA; CL; ACE ARG THR PRO SEP LEU PRO GLY D4H
163,1,6FI4,HOMO SAPIENS,ENZYME 2.7.11.1,NA; CL; CA; PRO SEP LEU PRO DVA 60H
164,1,6FI5,HOMO SAPIENS,ENZYME 2.7.11.1,MG; CL; THR PRO SEP LEU PRO DAL 60H; NA
165,1,6G1U,TETRONARCE CALIFORNICA,ENZYME 3.1.1.7,NAG; PEG; CL; E1K
166,1,6G1V,TETRONARCE CALIFORNICA,ENZYME 3.1.1.7,PEG; E1N; CL; NAG
167,1,6G1W,TETRONARCE CALIFORNICA,ENZYME 3.1.1.7,NAG; CL; E0Z
168,1,6GBX,HOMO SAPIENS,ENZYME 2.3.2.5,S77; ZN; SO4; EDO
169,1,6H12,TETRONARCE CALIFORNICA,ENZYME 3.1.1.7,PEG; MES; PGE GOL; SO4; FJK; CL; GOL; EDO; PGE; NAG
170,1,6H14,TETRONARCE CALIFORNICA,ENZYME 3.1.1.7,CL; NAG NAG; SO4; PEG; GOL; FW8; MES; PGE; EDO; NAG
171,1,6LRA,MUS MUSCULUS,NON-ENZYME OTHER,VAL GLN ILE ILE ASN LYS
172,1,6WNY,HOMO SAPIENS,ENZYME 3.4.23.46,U64; IOD
173,1,6ZND,HOMO SAPIENS,ENZYME 3.1.4.17,ZN; MG; QMZ
174,1,6ZQZ,HOMO SAPIENS,ENZYME 3.1.4.17,MG; QOQ; ZN
175,2,4YS9,"ESCHERICHIA COLI, HOMO SAPIENS",NON-ENZYME BINDING,GLC GLC; ZN
176,2,6I3U,HOMO SAPIENS,ENZYME 2.7.1.137,H2E
177,3,1JS3,SUS SCROFA,ENZYME 4.1.1.28,SO4; PLP 142
178,3,2C67,HOMO SAPIENS,ENZYME 1.4.3.4,RM1; FAD
179,3,2C70,HOMO SAPIENS,ENZYME 1.4.3.4,PNZ; FAD
180,3,2V5Z,HOMO SAPIENS,ENZYME 1.4.3.4,SAG; FAD
181,3,2V60,HOMO SAPIENS,ENZYME 1.4.3.4,FAD; C17
182,3,2V61,HOMO SAPIENS,ENZYME 1.4.3.4,FAD; C18
183,3,2X6M,CAMELUS DROMEDARIUS,NON-ENZYME OTHER,GLY TYR GLN ASP TYR GLU PRO GLU ALA
184,3,2ZEJ,HOMO SAPIENS,ENZYME 2.7.11.1,MG; GDP
185,3,3D6T,HOMO SAPIENS,ENZYME 2.7.11.1,MG; GDP
186,3,3MYZ,HOMO SAPIENS,NON-ENZYME TRANSPORT,TLA; TFX; ACT
187,3,3PO7,HOMO SAPIENS,ENZYME 1.4.3.4,ZON; FAD
188,3,4A79,HOMO SAPIENS,ENZYME 1.4.3.4,P1B; FAD
189,3,4A7A,HOMO SAPIENS,ENZYME 1.4.3.4,RGZ; FAD
190,3,4BCD,SUS SCROFA,ENZYME 3.4.21.26,TDV; GOL; TAM
191,3,4I5M,HOMO SAPIENS,ENZYME 2.7.11.21,R78
192,3,4I5P,HOMO SAPIENS,ENZYME 2.7.11.21,1D1
193,3,4I6B,HOMO SAPIENS,ENZYME 2.7.11.21,11G
194,3,4I6H,HOMO SAPIENS,ENZYME 2.7.11.21,1C8
195,3,4WHZ,HOMO SAPIENS,ENZYME 2.7.11.24,3NL
196,3,5OOP,HOMO SAPIENS,ENZYME 2.7.11.1,ANP
197,3,5OOR,HOMO SAPIENS,ENZYME 2.7.11.1,STU; CL
198,3,5OOT,HOMO SAPIENS,ENZYME 2.7.11.1,4K4
199,3,5OP2,HOMO SAPIENS,ENZYME 2.7.11.1,CL; A0Q
200,3,5OP4,HOMO SAPIENS,ENZYME 2.7.11.1,A0T
201,3,5OP5,HOMO SAPIENS,ENZYME 2.7.11.1,3FE; CL
202,3,5OP7,HOMO SAPIENS,ENZYME 2.7.11.1,NA; CL; A1K
203,3,5OPB,HOMO SAPIENS,ENZYME 2.7.11.1,CL; A1N
204,3,5OPR,HOMO SAPIENS,ENZYME 2.7.11.1,A3E
205,3,5OPS,HOMO SAPIENS,ENZYME 2.7.11.1,A3Q
206,3,5OPU,HOMO SAPIENS,ENZYME 2.7.11.1,CL; A3K
207,3,5OPV,HOMO SAPIENS,ENZYME 2.7.11.1,A3H
208,3,5OQ5,HOMO SAPIENS,ENZYME 2.7.11.1,4K4; MES
209,3,5OQ6,HOMO SAPIENS,ENZYME 2.7.11.1,4K4; CL
210,3,5OQ7,HOMO SAPIENS,ENZYME 2.7.11.1,A0Q
211,3,5OQ8,HOMO SAPIENS,ENZYME 2.7.11.1,A0Q
212,3,6FVZ,HOMO SAPIENS,ENZYME 1.4.3.4,GOL; C15; FAD; E8Z
213,3,6FW0,HOMO SAPIENS,ENZYME 1.4.3.4,GOL; C15; E92; FAD
214,3,6FWC,HOMO SAPIENS,ENZYME 1.4.3.4,GOL; C15; E98; FAD
215,3,6STF,HOMO SAPIENS,NON-ENZYME OTHER,MG; GDP
216,3,6STG,HOMO SAPIENS,NON-ENZYME OTHER,GNP; TRS; MG